{
  "hash": "fd32ef64",
  "configHash": "f707954d",
  "lockfileHash": "23c48999",
  "browserHash": "6a45c5f1",
  "optimized": {
    "@angular/common/http": {
      "src": "../../../../../node_modules/@angular/common/fesm2022/http.mjs",
      "file": "@angular_common_http.js",
      "fileHash": "d5330953",
      "needsInterop": false
    },
    "@angular/core": {
      "src": "../../../../../node_modules/@angular/core/fesm2022/core.mjs",
      "file": "@angular_core.js",
      "fileHash": "c8aee697",
      "needsInterop": false
    },
    "@angular/platform-browser": {
      "src": "../../../../../node_modules/@angular/platform-browser/fesm2022/platform-browser.mjs",
      "file": "@angular_platform-browser.js",
      "fileHash": "8aec7229",
      "needsInterop": false
    },
    "@angular/common": {
      "src": "../../../../../node_modules/@angular/common/fesm2022/common.mjs",
      "file": "@angular_common.js",
      "fileHash": "e7f3e2f9",
      "needsInterop": false
    }
  },
  "chunks": {
    "chunk-PUS4LSE6": {
      "file": "chunk-PUS4LSE6.js"
    },
    "chunk-T6FE74TL": {
      "file": "chunk-T6FE74TL.js"
    },
    "chunk-X5QNC7TL": {
      "file": "chunk-X5QNC7TL.js"
    }
  }
}